{"cameraMode":{"drawMode":0,"name":"Shaded","section":"Shading Mode"},"sceneLighting":true,"audioPlay":false,"sceneViewState":{"showFog":true,"showMaterialUpdate":true,"showSkybox":true,"showFlares":true,"showImageEffects":true,"showParticleSystems":true},"in2DMode":false,"pivot":{"x":-1.5737794637680054,"y":29.437164306640626,"z":20.041343688964845},"rotation":{"x":-0.02345455065369606,"y":-0.8957837820053101,"z":0.4413769245147705,"w":-0.04760076850652695},"size":1.55610191822052,"orthographic":false}