{"cameraMode":{"drawMode":0,"name":"Shaded","section":"Shading Mode"},"sceneLighting":false,"audioPlay":false,"sceneViewState":{"showFog":true,"showMaterialUpdate":true,"showSkybox":false,"showFlares":true,"showImageEffects":true,"showParticleSystems":true},"in2DMode":false,"pivot":{"x":-1.4462611675262452,"y":-3.832597017288208,"z":12.687618255615235},"rotation":{"x":0.20073117315769196,"y":-0.08158476650714874,"z":0.01676865480840206,"w":0.9761287569999695},"size":10.0,"orthographic":false}