{"cameraMode":{"drawMode":0,"name":"Shaded","section":"Shading Mode"},"sceneLighting":false,"audioPlay":false,"sceneViewState":{"showFog":true,"showMaterialUpdate":true,"showSkybox":false,"showFlares":true,"showImageEffects":true,"showParticleSystems":true},"in2DMode":false,"pivot":{"x":1.3244088888168336,"y":1.2199387550354005,"z":0.3807201385498047},"rotation":{"x":0.11873099952936173,"y":0.874079704284668,"z":-0.267810195684433,"w":0.3875136375427246},"size":1.312422513961792,"orthographic":false}