{"cameraMode":{"drawMode":0,"name":"Shaded","section":"Shading Mode"},"sceneLighting":false,"audioPlay":false,"sceneViewState":{"showFog":true,"showMaterialUpdate":true,"showSkybox":false,"showFlares":true,"showImageEffects":true,"showParticleSystems":true},"in2DMode":false,"pivot":{"x":-0.013381510972976685,"y":0.8376176357269287,"z":0.0015894770622253419},"rotation":{"x":0.05288974940776825,"y":0.9260686039924622,"z":-0.3457334637641907,"w":0.14166782796382905},"size":1.312422513961792,"orthographic":false}