{"cameraMode":{"drawMode":0,"name":"Shaded","section":"Shading Mode"},"sceneLighting":true,"audioPlay":false,"sceneViewState":{"m_AlwaysRefresh":true,"showFog":true,"showSkybox":true,"showFlares":true,"showImageEffects":true,"showParticleSystems":true,"showVisualEffectGraphs":true,"m_FxEnabled":true},"in2DMode":false,"pivot":{"x":675.484619140625,"y":18.064435958862306,"z":-514.5267944335938},"rotation":{"x":0.10765106230974198,"y":0.31842097640037539,"z":-0.03741990029811859,"w":0.9411605000495911},"size":3.7290151119232179,"orthographic":false}